LogID,Timestamp,RequestedBy,RequirementID,FieldModified,OldValue,NewValue,Decision,Reason
LOG-000001,2026-02-13T08:35:00.000Z,architect-auto,PH-001,LinkedRequirements,"","INTG-001,INTG-002,INTG-003,INTG-004,INTG-005,INTG-006,INTG-007",Approved,"Auto-linked requirements generated from phase breakdown"
LOG-000002,2026-02-13T08:40:00.000Z,architect-auto,PH-001,Status,Planned,In Progress,Approved,"Phase execution initiated via /architect run PH-001"
LOG-000003,2026-02-13T08:40:00.000Z,architect-auto,INTG-001,Status,Backlog,To Do,Approved,"Requirement ready for implementation — phase execution started"
LOG-000004,2026-02-13T08:40:00.000Z,architect-auto,INTG-002,Status,Backlog,To Do,Approved,"Requirement ready for implementation — phase execution started"
LOG-000005,2026-02-13T08:40:00.000Z,architect-auto,INTG-003,Status,Backlog,To Do,Approved,"Requirement ready for implementation — phase execution started"
LOG-000006,2026-02-13T08:40:00.000Z,architect-auto,INTG-004,Status,Backlog,To Do,Approved,"Requirement ready for implementation — phase execution started"
LOG-000007,2026-02-13T08:40:00.000Z,architect-auto,INTG-005,Status,Backlog,To Do,Approved,"Requirement ready for implementation — phase execution started"
LOG-000008,2026-02-13T08:40:00.000Z,architect-auto,INTG-006,Status,Backlog,To Do,Approved,"Requirement ready for implementation — phase execution started"
LOG-000009,2026-02-13T08:40:00.000Z,architect-auto,INTG-007,Status,Backlog,To Do,Approved,"Requirement ready for implementation — phase execution started"
LOG-000010,2026-02-13T09:15:00.000Z,engineer,INTG-006,Status,To Do,In Review,Approved,"Implementation complete. Build passes. Env vars added to env.example and .env."
LOG-000011,2026-02-13T09:15:00.000Z,engineer,INTG-004,Status,To Do,In Review,Approved,"Implementation complete. Build passes. Real HTTP webhook delivery via native fetch."
LOG-000012,2026-02-13T09:15:00.000Z,engineer,INTG-001,Status,To Do,In Review,Approved,"Implementation complete. Build passes. Resend SDK integrated for transactional email."
LOG-000013,2026-02-13T09:15:00.000Z,engineer,INTG-002,Status,To Do,In Review,Approved,"Implementation complete. Build passes. Google Calendar API integrated for meeting booking."
LOG-000014,2026-02-13T09:15:00.000Z,engineer,INTG-003,Status,To Do,In Review,Approved,"Implementation complete. Build passes. Stripe service with customer creation, checkout, and webhook parsing. Prisma schema updated."
LOG-000015,2026-02-13T09:15:00.000Z,engineer,INTG-005,Status,To Do,In Review,Approved,"Implementation complete. Build passes. ActionLayer logger callback wired to Prisma AgentLog in CoreEngine."
LOG-000016,2026-02-13T09:15:00.000Z,engineer,INTG-007,Status,To Do,In Review,Approved,"Implementation complete. Build passes. Metrics endpoint now queries real subscription/action data."
LOG-000017,2026-02-13T11:15:00.000Z,engineer,INTG-001,Status,In Review,Done,Approved,"Integration tested: Resend email sent successfully (messageId returned)."
LOG-000018,2026-02-13T11:15:00.000Z,engineer,INTG-002,Status,In Review,Done,Approved,"Integration tested: Google Calendar event created (eventId + eventLink returned)."
LOG-000019,2026-02-13T11:15:00.000Z,engineer,INTG-003,Status,In Review,Done,Approved,"Integration tested: Stripe customer created (cus_TyGsiG5P34yOVK)."
LOG-000020,2026-02-13T11:15:00.000Z,engineer,INTG-004,Status,In Review,Done,Approved,"Integration tested: Webhook fired to httpbin.org HTTP 200."
LOG-000021,2026-02-13T11:15:00.000Z,engineer,INTG-005,Status,In Review,Done,Approved,"Integration tested: ActionLayer logger callback functional."
LOG-000022,2026-02-13T11:15:00.000Z,engineer,INTG-006,Status,In Review,Done,Approved,"All env vars configured and tested with real API keys."
LOG-000023,2026-02-13T11:15:00.000Z,engineer,INTG-007,Status,In Review,Done,Approved,"Metrics endpoint returns real data from Prisma queries."
LOG-000024,2026-02-13T11:15:00.000Z,architect-auto,PH-001,Status,In Progress,Completed,Approved,"All 7 requirements Done. All integrations tested with real APIs."
LOG-000025,2026-02-13T11:20:00.000Z,architect-auto,PH-002,LinkedRequirements,"","ACTV-001,ACTV-002,ACTV-003,ACTV-004,ACTV-005",Approved,"Auto-linked requirements generated from phase breakdown"
LOG-000026,2026-02-13T11:20:00.000Z,architect-auto,PH-002,Status,Planned,In Progress,Approved,"Phase execution initiated via /architect run PH-002"
LOG-000027,2026-02-13T11:20:00.000Z,architect-auto,ACTV-001,Status,Backlog,To Do,Approved,"Requirement ready for implementation — phase execution started"
LOG-000028,2026-02-13T11:20:00.000Z,architect-auto,ACTV-002,Status,Backlog,To Do,Approved,"Requirement ready for implementation — phase execution started"
LOG-000029,2026-02-13T11:20:00.000Z,architect-auto,ACTV-003,Status,Backlog,To Do,Approved,"Requirement ready for implementation — phase execution started"
LOG-000030,2026-02-13T11:20:00.000Z,architect-auto,ACTV-004,Status,Backlog,To Do,Approved,"Requirement ready for implementation — phase execution started"
LOG-000031,2026-02-13T11:20:00.000Z,architect-auto,ACTV-005,Status,Backlog,To Do,Approved,"Requirement ready for implementation — phase execution started"
LOG-000032,2026-02-13T11:25:00.000Z,engineer,ACTV-001,Status,To Do,Done,Approved,"POST /api/tenant/create implemented. Creates tenant + Stripe customer + JWT. Tested."
LOG-000033,2026-02-13T11:25:00.000Z,engineer,ACTV-002,Status,To Do,Done,Approved,"POST /api/billing/checkout implemented. Returns Stripe checkout URL. Tested."
LOG-000034,2026-02-13T11:25:00.000Z,engineer,ACTV-003,Status,To Do,Done,Approved,"POST /api/stripe/webhook implemented. Validates signatures and updates subscriptionStatus. Tested."
LOG-000035,2026-02-13T11:25:00.000Z,engineer,ACTV-004,Status,To Do,Done,Approved,"Subscription enforcement middleware added. Auth-exempt vs subscription-exempt paths. Tested."
LOG-000036,2026-02-13T11:25:00.000Z,engineer,ACTV-005,Status,To Do,Done,Approved,"Tenant routes wired into api-gateway. Raw body parsing for webhooks. All 3 SaaS inherit. Tested."
LOG-000037,2026-02-13T11:25:00.000Z,architect-auto,PH-002,Status,In Progress,Completed,Approved,"All 5 requirements Done. Full subscription lifecycle tested."
LOG-000038,2026-02-14T07:55:00.000Z,architect-auto,PH-004,LinkedRequirements,"","MACT-001,MACT-002,MACT-003,MACT-004,MACT-005",Approved,"Auto-linked requirements generated from phase breakdown"
LOG-000039,2026-02-14T08:00:00.000Z,architect-auto,PH-004,Status,Planned,In Progress,Approved,"Phase execution initiated via /architect run PH-004"
LOG-000040,2026-02-14T08:00:00.000Z,architect-auto,MACT-001,Status,Backlog,To Do,Approved,"Requirement ready for implementation — phase execution started"
LOG-000041,2026-02-14T08:00:00.000Z,architect-auto,MACT-002,Status,Backlog,To Do,Approved,"Requirement ready for implementation — phase execution started"
LOG-000042,2026-02-14T08:00:00.000Z,architect-auto,MACT-003,Status,Backlog,To Do,Approved,"Requirement ready for implementation — phase execution started"
LOG-000043,2026-02-14T08:00:00.000Z,architect-auto,MACT-004,Status,Backlog,To Do,Approved,"Requirement ready for implementation — phase execution started"
LOG-000044,2026-02-14T08:00:00.000Z,architect-auto,MACT-005,Status,Backlog,To Do,Approved,"Requirement ready for implementation — phase execution started"
LOG-000045,2026-02-14T09:30:00.000Z,engineer,MACT-001,Status,To Do,Done,Approved,"Implementation complete. PAYMENT_MODE and ADMIN_SECRET added to env.example, .env, and .env.production. Build passes."
LOG-000046,2026-02-14T09:30:00.000Z,engineer,MACT-002,Status,To Do,Done,Approved,"Implementation complete. Subscription middleware allows 'pending' in manual mode. Tenant create skips Stripe and sets 'pending' when PAYMENT_MODE=manual. Build passes."
LOG-000047,2026-02-14T09:30:00.000Z,engineer,MACT-003,Status,To Do,Done,Approved,"Implementation complete. POST /internal/activate-tenant registered in manual mode. ADMIN_SECRET auth, auth-exempt, subscription-exempt. Build passes."
LOG-000048,2026-02-14T09:30:00.000Z,engineer,MACT-004,Status,To Do,Done,Approved,"Implementation complete. Stripe webhook early-returns with {status:'ignored'} when PAYMENT_MODE=manual. No Stripe code deleted. Build passes."
LOG-000049,2026-02-14T09:30:00.000Z,engineer,MACT-005,Status,To Do,Done,Approved,"Implementation complete. Metrics include activationMode field. Health endpoint includes paymentMode. MRR set to 0 in manual mode. Build passes."
LOG-000050,2026-02-14T09:30:00.000Z,architect-auto,PH-004,Status,In Progress,Completed,Approved,"All 5 requirements Done. Manual activation mode fully implemented. Build passes."
LOG-000051,2026-02-14T10:00:00.000Z,architect-auto,PH-005,LinkedRequirements,"","TBND-001,TBND-002,TBND-003,TBND-004,TBND-005",Approved,"Auto-linked requirements generated from phase breakdown"
LOG-000052,2026-02-14T10:00:00.000Z,architect-auto,PH-006,LinkedRequirements,"","XTAG-001,XTAG-002,XTAG-003,XTAG-004,XTAG-005",Approved,"Auto-linked requirements generated from phase breakdown"
LOG-000053,2026-02-14T10:15:00.000Z,architect-auto,PH-005,Status,Planned,In Progress,Approved,"Phase execution initiated via /architect run PH-005"
LOG-000054,2026-02-14T10:15:00.000Z,architect-auto,TBND-001,Status,Backlog,To Do,Approved,"Requirement ready for implementation — phase execution started"
LOG-000055,2026-02-14T10:15:00.000Z,architect-auto,TBND-002,Status,Backlog,To Do,Approved,"Requirement ready for implementation — phase execution started"
LOG-000056,2026-02-14T10:15:00.000Z,architect-auto,TBND-003,Status,Backlog,To Do,Approved,"Requirement ready for implementation — phase execution started"
LOG-000057,2026-02-14T10:15:00.000Z,architect-auto,TBND-004,Status,Backlog,To Do,Approved,"Requirement ready for implementation — phase execution started"
LOG-000058,2026-02-14T10:15:00.000Z,architect-auto,TBND-005,Status,Backlog,To Do,Approved,"Requirement ready for implementation — phase execution started"
LOG-000059,2026-02-14T10:20:00.000Z,architect,TBND-004,Description,"(previous description)","(updated: added DB fallback for legacy tokens — reject stale tokens when tenant has saasProduct set in DB)",Approved,"User flagged token invalidation gap: pre-PH-005 tokens with null saasProduct could bypass product-scope check indefinitely. Updated to include DB lookup fallback."
LOG-000060,2026-02-14T10:30:00.000Z,engineer,TBND-001,Status,To Do,Done,Approved,"Implementation complete. saasProduct String? column added to Tenant model with index. Prisma pushed to local and production DB. Build passes."
LOG-000061,2026-02-14T10:30:00.000Z,engineer,TBND-002,Status,To Do,Done,Approved,"Implementation complete. saasProduct set from saasConfig.slug in tenant.create(). Console log updated. Build passes."
LOG-000062,2026-02-14T10:30:00.000Z,engineer,TBND-003,Status,To Do,Done,Approved,"Implementation complete. AuthPayload extended with saasProduct?. generateToken in tenant create includes saasProduct. Build passes."
LOG-000063,2026-02-14T10:30:00.000Z,engineer,TBND-004,Status,To Do,Done,Approved,"Implementation complete. Product-scope enforcement merged into subscription hook with DB fallback for legacy tokens. Single Prisma query selects both subscriptionStatus and saasProduct. Build passes."
LOG-000064,2026-02-14T10:30:00.000Z,engineer,TBND-005,Status,To Do,Done,Approved,"Implementation complete. Activation response includes saasProduct. Console log shows product context. Build passes."
LOG-000065,2026-02-14T10:30:00.000Z,architect-auto,PH-005,Status,In Progress,Completed,Approved,"All 5 requirements Done. Tenant-product binding fully implemented with token invalidation. Schema pushed to production."
LOG-000066,2026-02-14T11:05:00.000Z,architect-auto,PH-007,LinkedRequirements,"","FEND-001,FEND-002,FEND-003,FEND-004,FEND-005,FEND-006,FEND-007,FEND-008,FEND-009,FEND-010",Approved,"Auto-linked requirements generated from phase breakdown"
LOG-000067,2026-02-14T11:10:00.000Z,architect-auto,PH-007,Status,Planned,In Progress,Approved,"Phase execution initiated via /architect run PH-007"
LOG-000068,2026-02-14T11:10:00.000Z,architect-auto,FEND-001,Status,Backlog,To Do,Approved,"Requirement ready for implementation — phase execution started"
LOG-000069,2026-02-14T11:10:00.000Z,architect-auto,FEND-002,Status,Backlog,To Do,Approved,"Requirement ready for implementation — phase execution started"
LOG-000070,2026-02-14T11:10:00.000Z,architect-auto,FEND-003,Status,Backlog,To Do,Approved,"Requirement ready for implementation — phase execution started"
LOG-000071,2026-02-14T11:10:00.000Z,architect-auto,FEND-004,Status,Backlog,To Do,Approved,"Requirement ready for implementation — phase execution started"
LOG-000072,2026-02-14T11:10:00.000Z,architect-auto,FEND-005,Status,Backlog,To Do,Approved,"Requirement ready for implementation — phase execution started"
LOG-000073,2026-02-14T11:10:00.000Z,architect-auto,FEND-006,Status,Backlog,To Do,Approved,"Requirement ready for implementation — phase execution started"
LOG-000074,2026-02-14T11:10:00.000Z,architect-auto,FEND-007,Status,Backlog,To Do,Approved,"Requirement ready for implementation — phase execution started"
LOG-000075,2026-02-14T11:10:00.000Z,architect-auto,FEND-008,Status,Backlog,To Do,Approved,"Requirement ready for implementation — phase execution started"
LOG-000076,2026-02-14T11:10:00.000Z,architect-auto,FEND-009,Status,Backlog,To Do,Approved,"Requirement ready for implementation — phase execution started"
LOG-000077,2026-02-14T11:10:00.000Z,architect-auto,FEND-010,Status,Backlog,To Do,Approved,"Requirement ready for implementation — phase execution started"
LOG-000078,2026-02-14T11:30:00.000Z,engineer,FEND-001,Status,To Do,Done,Approved,"Implementation complete. POST /api/auth/login endpoint added to tenant.ts. Auth-exempt and subscription-exempt. Looks up user by email, returns JWT with saasProduct. Build passes 15/15."
LOG-000079,2026-02-14T11:30:00.000Z,engineer,FEND-002,Status,To Do,Done,Approved,"Implementation complete. Vite + React + TS + Tailwind v4 scaffold created in /apps/frontend. lib/api.ts fetch wrapper and lib/config.ts product config. Build passes 15/15."
LOG-000080,2026-02-14T11:30:00.000Z,engineer,FEND-003,Status,To Do,Done,Approved,"Implementation complete. AuthContext with localStorage persistence, ProtectedRoute redirect wrapper, Layout shell with header and logout. Build passes 15/15."
LOG-000081,2026-02-14T11:30:00.000Z,engineer,FEND-004,Status,To Do,Done,Approved,"Implementation complete. Signup.tsx — name/email form, calls POST /api/tenant/create, error handling, redirects to dashboard. Build passes 15/15."
LOG-000082,2026-02-14T11:30:00.000Z,engineer,FEND-005,Status,To Do,Done,Approved,"Implementation complete. Login.tsx — email form, calls POST /api/auth/login, error handling, redirects to dashboard. Build passes 15/15."
LOG-000083,2026-02-14T11:30:00.000Z,engineer,FEND-006,Status,To Do,Done,Approved,"Implementation complete. Dashboard.tsx — subscription status badge (color-coded), tenant details, pending notice, quick action links. Build passes 15/15."
LOG-000084,2026-02-14T11:30:00.000Z,engineer,FEND-007,Status,To Do,Done,Approved,"Implementation complete. Leads.tsx — name/email/company/source form, auto-triggers /api/leads/:id/process after submission, shows result with IDs. Build passes 15/15."
LOG-000085,2026-02-14T11:30:00.000Z,engineer,FEND-008,Status,To Do,Done,Approved,"Implementation complete. Metrics.tsx — fetches GET /metrics, stat card grid, refresh button, last updated timestamp. Build passes 15/15."
LOG-000086,2026-02-14T11:30:00.000Z,engineer,FEND-009,Status,To Do,Done,Approved,"Implementation complete. Landing.tsx — product name, tagline per slug, Get Started and Log In CTAs. Build passes 15/15."
LOG-000087,2026-02-14T11:30:00.000Z,engineer,FEND-010,Status,To Do,Done,Approved,"Implementation complete. App.tsx with React Router (6 routes, 3 protected). main.tsx entry point. 3 env files (.env.booker, .env.leadqualifier, .env.followup). Dev scripts per product. Build passes 15/15."
LOG-000088,2026-02-14T11:30:00.000Z,architect-auto,PH-007,Status,In Progress,Completed,Approved,"All 10 requirements Done. Minimal frontend layer fully implemented. Backend login endpoint added. Vite + React SPA builds to dist/. Build passes 15/15."
LOG-000089,2026-02-14T12:00:00.000Z,architect-auto,PH-006,Status,Planned,In Progress,Approved,"Phase execution initiated via /architect run PH-006"
LOG-000090,2026-02-14T12:00:00.000Z,architect-auto,XTAG-001,Status,Backlog,To Do,Approved,"Requirement ready for implementation — phase execution started"
LOG-000091,2026-02-14T12:00:00.000Z,architect-auto,XTAG-002,Status,Backlog,To Do,Approved,"Requirement ready for implementation — phase execution started"
LOG-000092,2026-02-14T12:00:00.000Z,architect-auto,XTAG-003,Status,Backlog,To Do,Approved,"Requirement ready for implementation — phase execution started"
LOG-000093,2026-02-14T12:00:00.000Z,architect-auto,XTAG-004,Status,Backlog,To Do,Approved,"Requirement ready for implementation — phase execution started"
LOG-000094,2026-02-14T12:00:00.000Z,architect-auto,XTAG-005,Status,Backlog,To Do,Approved,"Requirement ready for implementation — phase execution started"
LOG-000095,2026-02-14T12:10:00.000Z,engineer,XTAG-001,Status,To Do,Done,Approved,"Implementation complete. saasProduct String? added to Workflow and AgentLog models with indexes. Schema pushed to local and production DB. Build passes 15/15."
LOG-000096,2026-02-14T12:10:00.000Z,engineer,XTAG-002,Status,To Do,Done,Approved,"Implementation complete. saasProduct tagged in createWorkflow() via this.rules.getConfig().slug. Build passes 15/15."
LOG-000097,2026-02-14T12:10:00.000Z,engineer,XTAG-003,Status,To Do,Done,Approved,"Implementation complete. saasProduct tagged in agentLog.create() in orchestrator and ActionLayer logger in CoreEngine. Build passes 15/15."
LOG-000098,2026-02-14T12:10:00.000Z,engineer,XTAG-004,Status,To Do,Done,Approved,"Implementation complete. Optional ?product= query param added to /metrics endpoint with tenant and agentLog filtering. Build passes 15/15."
LOG-000099,2026-02-14T12:10:00.000Z,engineer,XTAG-005,Status,To Do,Done,Approved,"Implementation complete. GET /internal/experiment-stats endpoint created in manual mode block. ADMIN_SECRET protected. Returns per-product aggregated counts. Build passes 15/15."
LOG-000100,2026-02-14T12:10:00.000Z,architect-auto,PH-006,Status,In Progress,Completed,Approved,"All 5 requirements Done. Experiment analytics tagging fully implemented. Build passes 15/15."
LOG-000101,2026-02-15T08:05:00.000Z,architect-auto,PH-008,LinkedRequirements,"","ORCH-001,API-001,API-002,UI-001,UI-002,UI-003,UI-004,UI-005",Approved,"Auto-linked requirements generated from phase breakdown"
LOG-000102,2026-02-15T08:10:00.000Z,architect-auto,PH-008,Status,Planned,In Progress,Approved,"Phase execution initiated via /architect run PH-008"
LOG-000103,2026-02-15T08:10:00.000Z,architect-auto,ORCH-001,Status,Backlog,To Do,Approved,"Requirement ready for implementation — phase execution started"
LOG-000104,2026-02-15T08:10:00.000Z,architect-auto,API-001,Status,Backlog,To Do,Approved,"Requirement ready for implementation — phase execution started"
LOG-000105,2026-02-15T08:10:00.000Z,architect-auto,API-002,Status,Backlog,To Do,Approved,"Requirement ready for implementation — phase execution started"
LOG-000106,2026-02-15T08:10:00.000Z,architect-auto,UI-001,Status,Backlog,To Do,Approved,"Requirement ready for implementation — phase execution started"
LOG-000107,2026-02-15T08:10:00.000Z,architect-auto,UI-002,Status,Backlog,To Do,Approved,"Requirement ready for implementation — phase execution started"
LOG-000108,2026-02-15T08:10:00.000Z,architect-auto,UI-003,Status,Backlog,To Do,Approved,"Requirement ready for implementation — phase execution started"
LOG-000109,2026-02-15T08:10:00.000Z,architect-auto,UI-004,Status,Backlog,To Do,Approved,"Requirement ready for implementation — phase execution started"
LOG-000110,2026-02-15T08:10:00.000Z,architect-auto,UI-005,Status,Backlog,To Do,Approved,"Requirement ready for implementation — phase execution started"
LOG-000111,2026-02-15T08:30:00.000Z,engineer,ORCH-001,Status,To Do,Done,Approved,"Implementation complete. Added lead_received + followup transition to FSM. Build passes 15/15."
LOG-000112,2026-02-15T08:30:00.000Z,engineer,API-001,Status,To Do,Done,Approved,"Implementation complete. agentLogs included in GET /api/leads/:id via nested workflow include. Build passes 15/15."
LOG-000113,2026-02-15T08:30:00.000Z,engineer,API-002,Status,To Do,Done,Approved,"Implementation complete. Metrics endpoint now returns qualifiedLeads, disqualifiedLeads, avgScore, totalWorkflows, activeWorkflows, escalatedLeads, followupsSent. Build passes 15/15."
LOG-000114,2026-02-15T08:30:00.000Z,engineer,UI-001,Status,To Do,Done,Approved,"Implementation complete. Leads page now has submit form + leads table with product-specific columns. Clickable rows navigate to /leads/:id. Build passes 15/15."
LOG-000115,2026-02-15T08:30:00.000Z,engineer,UI-002,Status,To Do,Done,Approved,"Implementation complete. LeadDetail.tsx created with lead info, meetings, messages, AI processing timeline with agent output display. Process Lead button. Build passes 15/15."
LOG-000116,2026-02-15T08:30:00.000Z,engineer,UI-003,Status,To Do,Done,Approved,"Implementation complete. Metrics page now shows product-specific stat cards with color accents. AI Booker/Qualifier/FollowUp each get different metric sets. Build passes 15/15."
LOG-000117,2026-02-15T08:30:00.000Z,engineer,UI-004,Status,To Do,Done,Approved,"Implementation complete. Dashboard now fetches /metrics and shows product-specific widgets (Booker: meetings/pipeline, Qualifier: qualified/avg score, FollowUp: followups/escalations). Build passes 15/15."
LOG-000118,2026-02-15T08:30:00.000Z,engineer,UI-005,Status,To Do,Done,Approved,"Implementation complete. /leads/:id route added to App.tsx before /leads route. LeadDetail component imported. Build passes 15/15."
LOG-000119,2026-02-15T08:30:00.000Z,architect-auto,PH-008,Status,In Progress,Completed,Approved,"All 8 requirements Done. Product-specific frontend outputs fully implemented. Build passes 15/15."
